City_ID,City,Country,Date,Lat,Lng,Max Temp,Humidity,Cloudiness,Wind Speed
0,Bluff,NZ,2023-03-24 18:31:20,-46.6,168.3333,57.79,89,91,16.28
1,Kandrian,PG,2023-03-24 18:31:21,-6.2167,149.55,77.52,85,100,8.88
2,Rikitea,PF,2023-03-24 18:31:22,-23.1203,-134.9692,78.08,69,100,10.45
3,Havre-Saint-Pierre,CA,2023-03-24 18:31:22,50.2334,-63.5986,30.56,80,100,16.11
4,Saldanha,ZA,2023-03-24 18:31:23,-33.0117,17.9442,64.45,88,24,12.21
5,Leningradskiy,RU,2023-03-24 18:31:24,69.3833,178.4167,-15.5,90,91,6.58
6,Stromness,GB,2023-03-24 18:31:24,58.965,-3.296,42.76,85,100,15.99
7,Altay,CN,2023-03-24 18:31:25,47.8667,88.1167,23.85,65,0,7.83
8,Thompson,CA,2023-03-24 18:31:26,55.7435,-97.8558,17.76,57,20,14.97
9,Saskylakh,RU,2023-03-24 18:31:26,71.9167,114.0833,13.5,86,100,13.0
10,Pandan,PH,2023-03-24 18:31:27,14.0453,124.1694,78.46,90,48,8.52
11,Mataura,NZ,2023-03-24 18:31:28,-46.1927,168.8643,57.47,97,100,2.73
12,Kapaa,US,2023-03-24 18:31:29,22.0752,-159.319,76.19,88,0,5.75
13,Tautira,PF,2023-03-24 18:31:29,-17.7333,-149.15,80.91,75,7,8.97
14,Poum,NC,2023-03-24 18:31:31,-20.2333,164.0167,78.53,74,100,7.2
15,Vila Franca Do Campo,PT,2023-03-24 18:31:32,37.7167,-25.4333,59.41,95,100,8.57
16,Los Llanos De Aridane,ES,2023-03-24 18:31:32,28.6585,-17.9182,65.95,73,0,13.8
17,Goodlettsville,US,2023-03-24 18:31:33,36.3231,-86.7133,65.62,89,100,4.99
18,Hermanus,ZA,2023-03-24 18:31:34,-34.4187,19.2345,60.8,77,100,2.91
19,Sao Filipe,CV,2023-03-24 18:31:34,14.8961,-24.4956,72.19,69,32,9.13
20,Mumford,GH,2023-03-24 18:31:35,5.2618,-0.759,81.91,77,99,10.33
21,Busselton,AU,2023-03-24 18:31:36,-33.65,115.3333,65.95,79,89,13.78
22,Fortuna,US,2023-03-24 18:27:52,40.5982,-124.1573,46.65,97,100,1.01
23,Ketchikan,US,2023-03-24 18:29:27,55.3422,-131.6461,41.47,75,100,8.05
24,Yellowknife,CA,2023-03-24 18:31:37,62.456,-114.3525,5.56,72,75,0.0
25,Lavrentiya,RU,2023-03-24 18:31:42,65.5833,-171.0,-8.95,93,93,6.76
26,San Patricio,US,2023-03-24 18:31:44,28.017,-97.5169,91.26,43,0,13.76
27,Puerto Ayora,EC,2023-03-24 18:31:25,-0.7393,-90.3518,85.96,85,65,7.0
28,Labrea,BR,2023-03-24 18:31:45,-7.2586,-64.7981,82.2,85,97,1.41
29,Port Alfred,ZA,2023-03-24 18:31:46,-33.5906,26.891,73.18,87,24,5.01
30,Idenao,CM,2023-03-24 18:31:46,4.2475,9.0047,77.34,83,100,3.29
31,Airai,TL,2023-03-24 18:31:47,-8.9266,125.4092,59.79,95,23,1.43
32,Beringovskiy,RU,2023-03-24 18:31:47,63.05,179.3167,-12.53,94,100,4.23
33,Igrim,RU,2023-03-24 18:31:48,63.1906,64.4162,34.38,97,100,9.31
34,West Monroe,US,2023-03-24 18:31:48,32.5185,-92.1476,79.09,66,100,8.05
35,Bowen,AU,2023-03-24 18:31:48,-20.0167,148.2333,71.06,86,11,7.34
36,Dikson,RU,2023-03-24 18:31:49,73.5069,80.5464,6.06,94,100,17.92
37,Olafsvik,IS,2023-03-24 18:31:49,64.8945,-23.7142,28.63,68,77,26.84
38,Chokurdakh,RU,2023-03-24 18:31:50,70.6333,147.9167,-31.63,100,58,4.72
39,Ponta Do Sol,PT,2023-03-24 18:31:51,32.6667,-17.1,69.71,73,18,7.2
40,Kidal,ML,2023-03-24 18:31:51,18.4411,1.4078,85.5,9,0,8.75
41,Khatanga,RU,2023-03-24 18:31:52,71.9667,102.5,8.1,91,100,16.64
42,Barrow,US,2023-03-24 18:32:35,71.2906,-156.7887,3.22,85,75,10.36
43,San Andres,CO,2023-03-24 18:32:54,12.5847,-81.7006,87.82,58,20,13.8
44,Wenatchee,US,2023-03-24 18:32:54,47.4235,-120.3103,49.37,44,0,4.0
45,Bambous Virieux,MU,2023-03-24 18:32:54,-20.3428,57.7575,79.05,83,75,3.44
46,Kodiak,US,2023-03-24 18:32:55,57.79,-152.4072,35.11,69,0,3.44
47,Sosnovo-Ozerskoye,RU,2023-03-24 18:32:55,52.5249,111.5418,1.71,95,19,4.97
48,Tasiilaq,GL,2023-03-24 18:32:56,65.6145,-37.6368,15.96,69,100,2.42
49,Punta Arenas,CL,2023-03-24 18:30:22,-53.15,-70.9167,53.62,54,75,27.63
50,Lompoc,US,2023-03-24 18:32:57,34.6391,-120.4579,60.69,56,20,18.41
51,Faya,SA,2023-03-24 18:32:57,18.3851,42.4509,60.91,55,0,4.09
52,Iqaluit,CA,2023-03-24 18:32:58,63.7506,-68.5145,-4.27,70,75,2.3
53,Ushuaia,AR,2023-03-24 18:28:47,-54.8,-68.3,49.66,76,20,13.8
54,Cuamba,MZ,2023-03-24 18:32:58,-14.8031,36.5372,66.34,94,80,3.27
55,Mar Del Plata,AR,2023-03-24 18:28:39,-38.0023,-57.5575,77.83,74,40,8.05
56,Tuatapere,NZ,2023-03-24 18:32:59,-46.1333,167.6833,54.84,94,100,8.86
57,Ilulissat,GL,2023-03-24 18:32:59,69.2167,-51.1,14.02,62,75,4.61
58,San Ramon,US,2023-03-24 18:33:00,37.7799,-121.978,54.72,52,0,6.91
59,Vao,NC,2023-03-24 18:33:00,-22.6667,167.4833,76.75,82,100,20.18
60,Urmary,RU,2023-03-24 18:33:01,55.6789,47.944,45.01,90,100,16.2
61,Orlik,RU,2023-03-24 18:33:01,52.5178,99.825,2.21,90,100,2.37
62,Hobart,AU,2023-03-24 18:33:02,-42.8794,147.3294,54.05,73,40,5.75
63,Dinghai,CN,2023-03-24 18:33:02,26.2847,119.7936,52.72,93,100,12.39
64,Albany,US,2023-03-24 18:32:51,42.6001,-73.9662,49.03,53,100,3.0
65,Lebu,CL,2023-03-24 18:33:03,-37.6167,-73.65,61.05,67,0,18.12
66,Prince Rupert,CA,2023-03-24 18:30:24,54.3161,-130.3201,42.49,70,0,17.27
67,Talakan,RU,2023-03-24 18:33:04,50.3167,130.3667,13.19,96,25,1.01
68,Loukhi,RU,2023-03-24 18:33:04,66.0764,33.0381,19.35,96,100,6.51
69,Boyolangu,ID,2023-03-24 18:33:04,-8.1181,111.8935,74.37,94,100,3.8
70,Yalova,TR,2023-03-24 18:33:05,40.655,29.2769,49.14,83,0,6.04
71,Ishigaki,JP,2023-03-24 18:33:05,24.3448,124.1572,71.73,94,100,11.5
72,Bethel,US,2023-03-24 18:33:06,41.3712,-73.414,53.55,46,0,5.75
73,Lorengau,PG,2023-03-24 18:33:06,-2.0226,147.2712,81.43,75,100,7.47
74,Amazar,RU,2023-03-24 18:33:07,53.858,120.875,2.71,98,37,2.64
75,Cape Town,ZA,2023-03-24 18:31:36,-33.9258,18.4232,67.12,81,20,10.36
76,Senno,RU,2023-03-24 18:33:07,59.5336,33.9167,35.11,98,100,4.94
77,Meulaboh,ID,2023-03-24 18:33:07,4.1363,96.1285,76.03,89,100,2.8
78,Jamestown,US,2023-03-24 18:29:44,42.097,-79.2353,43.02,65,0,5.75
79,Krasnoarmeysk,RU,2023-03-24 18:33:08,51.0239,45.6969,51.22,62,100,11.9
80,Serowe,BW,2023-03-24 18:33:08,-22.3833,26.7167,70.05,59,77,12.48
81,Sitka,US,2023-03-24 18:33:09,57.0531,-135.33,40.89,70,75,8.05
82,Kinwat,IN,2023-03-24 18:33:09,19.6333,78.2,85.12,37,17,0.89
83,Progreso,MX,2023-03-24 18:33:10,21.2833,-89.6667,95.11,44,0,8.86
84,Chuy,UY,2023-03-24 18:33:10,-33.6971,-53.4616,77.23,67,63,8.61
85,Victoria Point,AU,2023-03-24 18:33:11,-27.5833,153.3,73.9,91,49,3.76
86,Bengkulu,ID,2023-03-24 18:33:11,-3.8004,102.2655,74.79,97,100,4.43
87,Manzil Salim,TN,2023-03-24 18:33:12,35.8567,8.4765,59.59,52,0,5.14
88,Saint George,US,2023-03-24 18:30:04,37.1041,-113.5841,52.43,56,0,9.22
89,Cherskiy,RU,2023-03-24 18:33:13,68.75,161.3,-27.09,100,72,2.82
90,Viet Tri,VN,2023-03-24 18:34:14,21.3019,105.4308,78.75,82,100,9.62
91,Sturgis,US,2023-03-24 18:30:23,41.7992,-85.4192,44.4,56,0,12.66
92,Zhigansk,RU,2023-03-24 18:34:15,66.7697,123.3711,21.97,94,100,16.73
93,Hilo,US,2023-03-24 18:34:15,19.7297,-155.09,79.29,84,40,7.0
94,Lima,PE,2023-03-24 18:34:16,-12.0432,-77.0282,79.05,65,0,11.5
95,Canberra,AU,2023-03-24 18:32:53,-35.2835,149.1281,61.38,86,75,6.91
96,Vanimo,PG,2023-03-24 18:34:16,-2.6741,141.3028,76.55,92,100,6.76
97,Cabo Rojo,PR,2023-03-24 18:34:17,18.0866,-67.1457,86.43,65,37,5.99
98,Atuona,PF,2023-03-24 18:34:17,-9.8,-139.0333,80.82,76,15,15.93
99,Canutama,BR,2023-03-24 18:34:18,-6.5339,-64.3831,85.66,71,49,2.86
100,Abu Kamal,SY,2023-03-24 18:34:18,34.4506,40.9171,71.37,32,100,19.91
101,Waitati,NZ,2023-03-24 18:34:22,-45.75,170.5667,57.79,84,80,6.26
102,Sioux Lookout,CA,2023-03-24 18:34:22,50.1001,-91.917,39.27,56,0,11.5
103,Provideniya,RU,2023-03-24 18:34:23,64.3833,-173.3,-10.64,94,26,4.09
104,Ukiah,US,2023-03-24 18:34:24,39.1502,-123.2078,52.43,55,40,11.5
105,Tuktoyaktuk,CA,2023-03-24 18:34:24,69.4541,-133.0374,10.4,79,40,14.97
106,Ananas,HT,2023-03-24 18:34:25,19.2466,-71.9557,87.69,36,0,18.48
107,Keffi,NG,2023-03-24 18:34:26,8.8486,7.8736,81.0,67,100,8.28
108,Santa Isabel,BR,2023-03-24 18:34:27,-23.3156,-46.2214,90.7,59,14,4.27
109,Taupo,NZ,2023-03-24 18:34:27,-38.6833,176.0833,47.12,83,98,2.86
110,Husavik,IS,2023-03-24 18:34:27,66.0449,-17.3389,25.88,79,100,10.45
111,Pevek,RU,2023-03-24 18:34:28,69.7008,170.3133,-16.51,100,98,3.31
112,Yerbogachen,RU,2023-03-24 18:34:28,61.2767,108.0108,22.62,94,100,9.22
113,Sakakah,SA,2023-03-24 18:34:29,29.9697,40.2064,72.97,24,0,14.5
114,Te Anau,NZ,2023-03-24 18:34:30,-45.4167,167.7167,53.29,95,100,2.24
115,Qaanaaq,GL,2023-03-24 18:34:31,77.484,-69.3632,-4.72,66,6,5.17
116,Grand Gaube,MU,2023-03-24 18:34:32,-20.0064,57.6608,79.2,79,11,1.99
117,Neepawa,CA,2023-03-24 18:34:32,50.2289,-99.4664,21.6,90,14,5.99
118,Teguldet,RU,2023-03-24 18:34:33,57.3064,88.1667,27.93,89,100,12.39
119,Vaini,TO,2023-03-24 18:34:33,-21.2,-175.2,78.96,89,75,5.75
120,Hualmay,PE,2023-03-24 18:34:34,-11.0964,-77.6139,79.74,66,90,9.86
121,Rantoul,US,2023-03-24 18:34:34,40.3084,-88.1559,44.82,95,100,17.27
122,Waterloo,CA,2023-03-24 18:30:16,43.4668,-80.5164,43.47,64,0,5.99
123,Aksu,CN,2023-03-24 18:34:35,41.1231,80.2644,50.32,21,4,6.33
124,Shiyan,CN,2023-03-24 18:34:36,32.6475,110.7781,45.77,84,97,3.18
125,Da Nang,VN,2023-03-24 18:30:50,16.0678,108.2208,76.98,94,20,1.14
126,Arraial Do Cabo,BR,2023-03-24 18:30:36,-22.9661,-42.0278,91.36,66,0,12.66
127,Vostok,RU,2023-03-24 18:34:38,46.4856,135.8833,14.63,93,30,4.25
128,Deep River,CA,2023-03-24 18:34:39,46.1001,-77.4995,34.95,54,100,5.82
129,Upernavik,GL,2023-03-24 18:34:39,72.7868,-56.1549,-9.72,89,33,5.01
130,Aberdeen,GB,2023-03-24 18:30:04,57.1437,-2.0981,46.89,92,40,3.44
131,Lar,IN,2023-03-24 18:34:40,26.2039,83.9717,75.47,36,0,6.73
132,Oranjemund,NA,2023-03-24 18:34:40,-28.55,16.4333,64.33,79,0,7.58
133,Katsuura,JP,2023-03-24 18:31:04,35.1333,140.3,57.92,79,100,22.3
134,Butaritari,KI,2023-03-24 18:35:41,3.0707,172.7902,80.92,80,73,17.96
135,Isangel,VU,2023-03-24 18:35:42,-19.55,169.2667,77.11,100,100,0.0
136,Olinda,BR,2023-03-24 18:35:43,-8.0089,-34.8553,83.93,65,40,9.22
137,Port-Cartier,CA,2023-03-24 18:35:43,50.0334,-66.8654,30.74,93,100,11.16
138,Torbay,CA,2023-03-24 18:35:45,47.6666,-52.7314,29.57,84,100,27.63
139,Kobelyaky,UA,2023-03-24 18:35:45,49.1489,34.1965,54.88,63,100,5.97
140,Point Pedro,LK,2023-03-24 18:35:45,9.8167,80.2333,79.7,80,42,8.93
141,Ngong,KE,2023-03-24 18:35:46,-1.3618,36.6566,65.93,77,75,7.11
142,Nova Londrina,BR,2023-03-24 18:35:46,-22.7658,-52.985,85.5,60,94,2.28
143,Kamenka,RU,2023-03-24 18:35:47,51.3223,42.7678,49.87,80,100,11.5
144,Penzance,GB,2023-03-24 18:35:47,50.1186,-5.5371,50.77,87,40,28.77
145,Hithadhoo,MV,2023-03-24 18:35:48,-0.6,73.0833,81.5,75,100,3.94
146,Georgetown,MY,2023-03-24 18:31:22,5.4112,100.3354,82.33,89,20,2.3
147,Harrison,US,2023-03-24 18:35:48,30.4091,-89.0436,78.82,79,75,12.66
148,Mehamn,NO,2023-03-24 18:35:49,71.0357,27.8492,24.71,79,75,6.91
149,Souillac,MU,2023-03-24 18:35:49,-20.5167,57.5167,79.18,83,75,3.44
150,Flinders,AU,2023-03-24 18:35:49,-34.5833,150.8552,67.17,90,96,3.0
151,Praia Da Vitoria,PT,2023-03-24 18:30:51,38.7333,-27.0667,59.25,77,20,5.14
152,Beloha,MG,2023-03-24 18:35:50,-25.1667,45.05,72.68,79,29,13.49
153,Takoradi,GH,2023-03-24 18:35:50,4.8845,-1.7554,81.16,80,100,8.63
154,Labuhan,ID,2023-03-24 18:35:51,-6.8844,112.2051,76.15,90,100,6.82
155,Tilichiki,RU,2023-03-24 18:35:51,60.4667,166.1,-2.04,96,100,17.02
156,Ahuimanu,US,2023-03-24 18:35:51,21.4447,-157.8378,79.79,82,40,3.0
157,Bilibino,RU,2023-03-24 18:35:52,68.0546,166.4372,-30.06,99,36,4.94
158,Castro,BR,2023-03-24 18:35:52,-24.7911,-50.0119,80.69,52,7,3.0
159,Veraval,IN,2023-03-24 18:35:53,20.9,70.3667,74.37,67,0,9.28
160,Cockburn Town,TC,2023-03-24 18:35:53,21.4612,-71.1419,78.76,65,40,11.5
161,Carnarvon,AU,2023-03-24 18:35:54,-24.8667,113.6333,75.65,77,6,10.11
162,Egvekinot,RU,2023-03-24 18:35:24,66.3167,-179.1667,-17.55,96,86,3.31
163,Nikolskoye,RU,2023-03-24 18:35:54,59.7035,30.7861,40.91,93,100,7.2
164,Alenquer,BR,2023-03-24 18:35:54,-1.9417,-54.7383,83.25,69,78,1.25
165,College,US,2023-03-24 18:35:55,64.8569,-147.8028,22.21,84,100,0.0
166,Elizabeth City,US,2023-03-24 18:35:55,36.2946,-76.2511,84.22,49,0,14.97
167,Saint-Augustin,CA,2023-03-24 18:35:56,51.226,-58.6502,31.21,78,100,15.75
168,Phalodi,IN,2023-03-24 18:35:56,27.1333,72.3667,76.53,33,38,6.17
169,Hasaki,JP,2023-03-24 18:35:57,35.7333,140.8333,53.22,77,100,22.44
170,Mishelevka,RU,2023-03-24 18:35:57,52.8575,103.1719,5.5,98,100,2.42
171,Vila Velha,BR,2023-03-24 18:34:35,-20.3297,-40.2925,85.95,62,20,12.66
172,Klyuchi,RU,2023-03-24 18:35:58,52.2667,79.1667,30.02,81,45,8.59
173,Portland,US,2023-03-24 18:35:58,45.5234,-122.6762,41.45,92,75,5.99
174,Sabang,ID,2023-03-24 18:35:58,5.8933,95.3214,82.33,73,100,6.78
175,Itirapina,BR,2023-03-24 18:35:59,-22.2528,-47.8228,75.47,75,95,3.24
176,Luderitz,NA,2023-03-24 18:35:59,-26.6481,15.1594,62.38,81,0,5.19
177,Maceio,BR,2023-03-24 18:34:12,-9.6658,-35.7353,87.24,70,40,12.66
178,New Norfolk,AU,2023-03-24 18:37:00,-42.7826,147.0587,53.71,63,98,1.99
179,Yeppoon,AU,2023-03-24 18:37:01,-23.1333,150.7333,71.38,75,0,6.91
180,Klaksvik,FO,2023-03-24 18:37:01,62.2266,-6.589,36.52,62,100,28.12
181,Marshfield,US,2023-03-24 18:33:06,44.6689,-90.1718,45.45,60,0,5.75
182,Kavaratti,IN,2023-03-24 18:37:02,10.5669,72.642,81.73,72,100,7.36
183,Natal,BR,2023-03-24 18:33:15,-5.795,-35.2094,88.45,62,20,13.8
184,Pacific Grove,US,2023-03-24 18:37:02,36.6177,-121.9166,56.37,55,0,11.01
185,Buta,CD,2023-03-24 18:37:03,2.7858,24.73,75.18,75,80,3.71
186,Lakatoro,VU,2023-03-24 18:37:03,-16.0999,167.4164,78.24,88,100,13.94
187,Moron,AR,2023-03-24 18:37:04,-34.6534,-58.6198,82.96,64,100,8.5
188,Nouadhibou,MR,2023-03-24 18:37:05,20.931,-17.0347,69.78,83,75,20.71
189,Bossangoa,CF,2023-03-24 18:37:06,6.4926,17.4552,82.33,49,83,2.59
190,Rundu,NA,2023-03-24 18:37:06,-17.9333,19.7667,72.84,67,98,5.17
191,Bredasdorp,ZA,2023-03-24 18:37:07,-34.5322,20.0403,64.8,78,100,4.21
192,Talnakh,RU,2023-03-24 18:37:08,69.4865,88.3972,-2.4,93,99,4.79
193,Chifeng,CN,2023-03-24 18:37:08,42.2683,118.9636,25.97,14,46,3.69
194,Grindavik,IS,2023-03-24 18:37:09,63.8424,-22.4338,33.75,51,40,17.27
195,Natchitoches,US,2023-03-24 18:33:11,31.7668,-93.1335,76.05,83,100,6.91
196,Sibolga,ID,2023-03-24 18:37:09,1.7427,98.7792,75.67,90,100,1.45
197,Nome,US,2023-03-24 18:33:03,64.5011,-165.4064,1.47,85,100,17.27
198,Abha,SA,2023-03-24 18:37:10,18.2164,42.5053,60.62,67,0,4.61
199,Porto Novo,BJ,2023-03-24 18:36:22,6.4965,2.6036,82.22,71,100,9.57
200,Caravelas,BR,2023-03-24 18:37:12,-17.7125,-39.2481,83.71,57,0,7.58
201,Black River,JM,2023-03-24 18:37:13,18.0264,-77.8487,83.3,60,6,8.79
202,San Ramon De La Nueva Oran,AR,2023-03-24 18:37:14,-23.1322,-64.326,95.43,54,94,2.04
203,Constitucion,CL,2023-03-24 18:34:27,-35.3333,-72.4167,71.15,51,7,16.6
204,Taltal,CL,2023-03-24 18:37:15,-25.4,-70.4833,70.99,79,48,2.93
205,Lahan,NP,2023-03-24 18:37:18,26.7296,86.4951,73.85,37,0,4.85
206,San Carlos De Bariloche,AR,2023-03-24 18:36:59,-41.1456,-71.3082,71.35,26,20,20.71
207,Uthal,PK,2023-03-24 18:37:19,25.8072,66.6219,74.14,52,0,4.21
208,Dali,CN,2023-03-24 18:37:20,25.7,100.1833,46.98,75,0,5.44
209,Baykit,RU,2023-03-24 18:32:21,61.67,96.37,25.0,95,100,7.65
210,Tura,IN,2023-03-24 18:37:21,25.5198,90.2201,66.07,68,0,4.21
211,Shahada,IN,2023-03-24 18:33:15,21.55,74.4667,77.68,47,0,9.95
212,Shubarkuduk,KZ,2023-03-24 18:37:22,49.1447,56.4872,47.3,43,100,9.31
213,San Quintin,MX,2023-03-24 18:37:23,30.4833,-115.95,59.94,59,0,19.6
214,Tessalit,ML,2023-03-24 18:37:23,20.1986,1.0114,82.33,10,0,11.48
215,Mackenzie,CA,2023-03-24 18:37:24,55.2999,-123.1698,34.02,80,75,3.44
216,Riyadh,SA,2023-03-24 18:34:12,24.6877,46.7219,71.74,27,0,11.52
217,Hamilton,US,2023-03-24 18:33:57,39.1834,-84.5333,45.77,95,100,13.8
218,Esperance,AU,2023-03-24 18:37:26,-33.8667,121.9,67.1,93,100,4.81
219,Burlatskoye,RU,2023-03-24 18:37:26,45.0564,43.635,51.08,83,42,8.95
220,Boa Vista,BR,2023-03-24 18:37:27,2.8197,-60.6733,89.58,45,75,8.05
221,Galesong,ID,2023-03-24 18:37:27,-5.3166,119.3661,75.22,86,98,3.78
222,Irbeyskoye,RU,2023-03-24 18:38:28,55.6428,95.4522,20.19,95,100,4.21
223,Coquimbo,CL,2023-03-24 18:38:28,-29.9533,-71.3436,67.73,77,75,9.22
224,Zhaotong,CN,2023-03-24 18:38:29,27.3167,103.7167,46.09,81,94,5.66
225,Geraldton,AU,2023-03-24 18:38:29,-28.7667,114.6,66.61,88,61,0.0
226,Severo-Kurilsk,RU,2023-03-24 18:38:30,50.6789,156.125,23.34,77,99,36.93
227,Surazh,RU,2023-03-24 18:38:30,53.0175,32.3918,49.78,83,100,7.7
228,Nanortalik,GL,2023-03-24 18:38:30,60.1432,-45.2371,30.04,80,100,7.56
229,Seoul,KR,2023-03-24 18:38:31,37.5683,126.9778,53.2,64,40,3.44
230,Yulara,AU,2023-03-24 18:38:31,-25.2406,130.9889,73.42,27,5,7.96
231,Aguimes,ES,2023-03-24 18:38:32,27.9054,-15.4461,72.66,64,0,18.41
232,Gurlan,UZ,2023-03-24 18:38:32,41.8447,60.3919,51.87,18,94,8.9
233,Gonzales,US,2023-03-24 18:38:33,30.2385,-90.9201,82.38,73,100,18.41
234,Fairbanks,US,2023-03-24 18:38:33,64.8378,-147.7164,22.23,84,100,1.01
235,Hay River,CA,2023-03-24 18:38:34,60.8156,-115.7999,12.16,61,0,5.75
236,Lufilufi,WS,2023-03-24 18:38:34,-13.8745,-171.5986,78.58,81,100,20.67
237,Beira,MZ,2023-03-24 18:38:35,-19.8436,34.8389,77.32,81,3,11.45
238,Varena,LT,2023-03-24 18:38:35,54.2167,24.5667,52.43,89,100,11.92
239,Galesburg,US,2023-03-24 18:38:36,40.9478,-90.3712,52.72,73,0,11.5
240,Kuzino,RU,2023-03-24 18:38:36,57.0224,59.4412,36.79,90,100,14.16
241,San Lawrenz,MT,2023-03-24 18:38:36,36.0553,14.204,58.86,84,0,1.99
242,Isiro,CD,2023-03-24 18:38:37,2.7739,27.616,68.31,91,70,4.12
243,Den Helder,NL,2023-03-24 18:38:37,52.9599,4.7593,49.98,88,75,28.99
244,Cerrito,CO,2023-03-24 18:38:38,6.8432,-72.694,64.02,65,59,4.27
245,Andenes,NO,2023-03-24 18:38:38,69.3143,16.1194,26.92,68,75,17.27
246,Imeni Stepana Razina,RU,2023-03-24 18:38:39,54.8932,44.2963,41.36,97,100,9.26
247,Turkistan,KZ,2023-03-24 18:38:39,43.0,68.0,55.22,18,0,17.11
248,Challans,FR,2023-03-24 18:38:39,46.8436,-1.8749,54.52,86,41,23.35
249,Manicore,BR,2023-03-24 18:38:40,-5.8092,-61.3003,82.04,78,99,0.49
250,Cabo San Lucas,MX,2023-03-24 18:37:31,22.8909,-109.9124,78.62,52,40,4.61
251,Kargasok,RU,2023-03-24 18:38:41,59.0556,80.8572,32.32,97,100,12.71
252,Svetlogorsk,BY,2023-03-24 18:38:41,52.6333,29.7333,52.72,91,100,10.0
253,Whitley Bay,GB,2023-03-24 18:38:41,55.0397,-1.4471,52.2,66,20,12.66
254,Garowe,SO,2023-03-24 18:38:42,8.4054,48.4845,80.17,69,79,13.4
255,Ribeirao Branco,BR,2023-03-24 18:38:42,-24.2208,-48.7656,76.41,71,90,3.87
256,Imeni Poliny Osipenko,RU,2023-03-24 18:38:42,52.4201,136.4853,-4.54,100,53,2.93
257,Petatlan,MX,2023-03-24 18:36:16,17.5167,-101.2667,82.2,39,100,8.3
258,Tomatlan,MX,2023-03-24 18:38:43,19.9333,-105.25,96.37,18,100,8.68
259,Vilhena,BR,2023-03-24 18:37:28,-12.7406,-60.1458,84.42,61,40,10.36
260,Ancud,CL,2023-03-24 18:38:44,-41.8697,-73.8203,56.05,87,100,7.56
261,Puerto Penasco,MX,2023-03-24 18:35:03,31.3167,-113.5333,62.91,45,0,7.0
262,Fayaoue,NC,2023-03-24 18:38:48,-20.65,166.5333,78.91,83,100,16.93
263,Pula,HR,2023-03-24 18:38:49,44.8683,13.8481,52.36,76,0,4.61
264,Ciudad Bolivar,VE,2023-03-24 18:38:49,8.1222,-63.5497,97.14,28,50,4.18
265,Anadyr,RU,2023-03-24 18:39:50,64.75,177.4833,-19.7,75,0,8.95
266,Nuuk,GL,2023-03-24 18:39:50,64.1835,-51.7216,20.01,73,100,15.01
267,Bermeo,ES,2023-03-24 18:39:51,43.4209,-2.7215,59.59,74,53,3.13
268,Rimavska Sobota,SK,2023-03-24 18:39:51,48.3828,20.0224,57.96,67,100,1.3
269,Broken Hill,AU,2023-03-24 18:39:51,-31.95,141.4333,60.19,72,14,12.17
270,Pincher Creek,CA,2023-03-24 18:39:52,49.4833,-113.952,41.11,64,40,16.11
271,East London,ZA,2023-03-24 18:39:52,-33.0153,27.9116,72.54,88,0,9.22
272,Winona,US,2023-03-24 18:39:53,43.9666,-91.7668,48.43,38,0,3.44
273,Adrar,MR,2023-03-24 18:39:53,20.5022,-10.0711,79.52,20,99,7.58
274,Garden City,US,2023-03-24 18:37:29,42.3256,-83.331,44.89,57,100,10.36
275,Khilok,RU,2023-03-24 18:39:54,51.3674,110.4676,3.69,96,35,3.53
276,Rio Gallegos,AR,2023-03-24 18:37:17,-51.6226,-69.2181,50.05,76,75,29.93
277,Athens,GR,2023-03-24 18:35:22,37.9795,23.7162,62.65,67,0,3.0
278,San Vicente,AR,2023-03-24 18:39:55,-26.6167,-54.1333,85.59,47,68,1.3
279,Roald,NO,2023-03-24 18:39:56,62.5833,6.1333,36.91,75,75,24.16
280,Eau Claire,US,2023-03-24 18:36:54,44.8114,-91.4985,46.18,40,0,5.01
281,Santa Maria,BR,2023-03-24 18:39:57,-29.6842,-53.8069,88.9,51,40,8.05
282,Belyy Yar,RU,2023-03-24 18:39:57,53.6039,91.3903,24.69,74,0,2.24
283,Mahebourg,MU,2023-03-24 18:39:57,-20.4081,57.7,79.09,83,75,3.44
284,Kaitangata,NZ,2023-03-24 18:39:58,-46.2817,169.8464,51.48,83,100,5.44
285,Worland,US,2023-03-24 18:39:58,44.0169,-107.9554,45.75,52,0,5.75
286,Whitecourt,CA,2023-03-24 18:39:59,54.1502,-115.6855,31.24,64,20,5.75
287,Macae,BR,2023-03-24 18:35:15,-22.3708,-41.7869,87.55,66,0,10.36
288,Champerico,GT,2023-03-24 18:39:59,14.3,-91.9167,93.74,61,9,13.51
289,Saint Johnsbury,US,2023-03-24 18:40:00,44.4192,-72.0151,39.58,62,100,8.05
290,Asyut,EG,2023-03-24 18:40:00,27.181,31.1837,80.78,35,0,20.71
291,Camacupa,AO,2023-03-24 18:40:01,-12.0167,17.4833,62.38,94,100,3.44
292,Maniitsoq,GL,2023-03-24 18:40:03,65.4167,-52.9,16.39,78,100,8.63
293,Polovinnoye,RU,2023-03-24 18:40:05,54.7914,65.9864,34.05,98,100,11.34
294,Rawson,AR,2023-03-24 18:40:06,-43.3002,-65.1023,81.45,25,1,15.26
295,Faanui,PF,2023-03-24 18:40:06,-16.4833,-151.75,82.35,75,24,11.59
296,Ennis,IE,2023-03-24 18:40:07,52.8436,-8.9864,46.33,87,75,18.41
297,Bansi,IN,2023-03-24 18:40:07,27.1833,82.9333,73.9,42,0,5.06
298,Iza,UA,2023-03-24 18:40:09,48.2152,23.3287,55.58,72,100,4.54
299,Bonfim,BR,2023-03-24 18:40:10,3.0833,-59.95,93.15,38,78,7.63
300,Innisfail,AU,2023-03-24 18:40:11,-17.5333,146.0333,71.19,87,25,6.06
301,Honningsvag,NO,2023-03-24 18:40:11,70.9821,25.9704,24.55,86,75,13.8
302,Jacareacanga,BR,2023-03-24 18:40:12,-6.2222,-57.7528,75.38,90,100,2.33
303,Avarua,CK,2023-03-24 18:40:12,-21.2078,-159.775,82.45,83,40,4.61
304,Mayahi,NE,2023-03-24 18:40:13,13.9553,7.6712,85.96,10,0,8.46
305,Port-Gentil,GA,2023-03-24 18:40:14,-0.7193,8.7815,76.96,94,100,4.61
306,Novokruchininskiy,RU,2023-03-24 18:40:14,51.7833,113.7667,1.13,97,22,2.01
307,Nikki,BJ,2023-03-24 18:39:11,9.9401,3.2108,89.17,16,100,4.34
308,Atambua,ID,2023-03-24 18:40:15,-9.1061,124.8925,73.17,89,75,3.0
309,Burley,US,2023-03-24 18:40:15,42.5357,-113.7928,32.31,65,75,21.0
310,Darhan,MN,2023-03-24 18:40:16,49.4867,105.9228,5.29,87,5,6.31
311,Teknaf,BD,2023-03-24 18:40:16,20.8624,92.3058,71.46,85,0,5.68
312,Kangaatsiaq,GL,2023-03-24 18:40:17,68.3065,-53.4641,4.08,87,100,7.05
313,Bahia De Caraquez,EC,2023-03-24 18:41:18,-0.6,-80.4167,87.98,74,72,4.72
314,Victoria,HK,2023-03-24 18:39:01,22.2855,114.1577,78.44,88,1,15.01
315,Aksarka,RU,2023-03-24 18:41:18,66.5606,67.7975,2.34,94,100,4.0
316,Tateyama,JP,2023-03-24 18:41:19,34.9833,139.8667,54.1,79,100,22.55
317,Hammerfest,NO,2023-03-24 18:41:19,70.6634,23.6821,21.65,93,100,14.97
318,Carinhanha,BR,2023-03-24 18:41:20,-14.3047,-43.765,96.17,18,7,5.79
319,Navirai,BR,2023-03-24 18:41:20,-23.065,-54.1906,82.22,77,88,1.36
320,Vanavara,RU,2023-03-24 18:41:20,60.34,102.2797,24.51,95,100,9.35
321,Fortuna Foothills,US,2023-03-24 18:41:21,32.6578,-114.4119,65.21,35,0,12.66
322,Fort Morgan,US,2023-03-24 18:41:21,40.2503,-103.8,50.65,32,0,10.36
323,The Valley,AI,2023-03-24 18:41:22,18.217,-63.0578,84.06,65,75,17.27
324,Sorong,ID,2023-03-24 18:41:22,-0.8833,131.25,80.91,80,100,6.33
325,Tocopilla,CL,2023-03-24 18:41:23,-22.092,-70.1979,73.83,72,8,4.43
326,Cidreira,BR,2023-03-24 18:41:23,-30.1811,-50.2056,76.8,79,11,10.69
327,Lagoa,PT,2023-03-24 18:41:24,39.05,-27.9833,51.96,87,100,9.24
328,Okhotsk,RU,2023-03-24 18:41:24,59.3833,143.3,-7.02,73,0,16.84
329,Tecpan,GT,2023-03-24 18:41:25,14.7623,-90.9947,73.89,46,47,8.86
330,Kaiyuan,CN,2023-03-24 18:41:26,23.6977,103.3037,62.13,54,0,3.44
331,Toyooka,JP,2023-03-24 18:41:26,35.5333,134.8333,48.38,87,100,5.82
332,Amahai,ID,2023-03-24 18:41:27,-3.3333,128.9167,77.97,85,59,3.6
333,Fairlie,GB,2023-03-24 18:41:28,55.756,-4.8556,48.42,83,100,3.0
334,Beitbridge,ZW,2023-03-24 18:41:29,-22.2167,30.0,76.3,61,100,10.0
335,Santa Rosa,PH,2023-03-24 18:40:42,14.3122,121.1114,84.18,82,74,8.46
336,Qaqortoq,GL,2023-03-24 18:41:30,60.7167,-46.0333,29.34,70,100,5.23
337,Aklavik,CA,2023-03-24 18:41:30,68.2191,-135.0107,10.4,72,75,6.91
338,Saint-Philippe,RE,2023-03-24 18:41:31,-21.3585,55.7679,76.59,83,100,4.09
339,Mayo,US,2023-03-24 18:41:31,38.8876,-76.5119,50.13,81,100,6.91
340,Oxapampa,PE,2023-03-24 18:41:32,-10.5775,-75.4017,59.29,97,100,1.16
341,Dwarka,IN,2023-03-24 18:41:34,22.2394,68.9678,76.01,65,0,11.18
342,Fray Bentos,UY,2023-03-24 18:36:39,-33.1325,-58.2956,81.73,75,100,6.51
343,Vestmannaeyjar,IS,2023-03-24 18:41:35,63.4427,-20.2734,34.79,47,75,4.61
344,Manokwari,ID,2023-03-24 18:41:35,-0.8667,134.0833,78.12,83,100,3.36
345,Verkhnyaya Inta,RU,2023-03-24 18:41:36,65.9811,60.3094,16.12,96,100,5.64
346,Socorro,US,2023-03-24 18:38:13,31.6546,-106.3033,58.21,26,75,20.71
347,High Prairie,CA,2023-03-24 18:41:36,55.4334,-116.4858,28.44,82,83,5.61
348,Ribeira Grande,PT,2023-03-24 18:38:28,38.5167,-28.7,54.0,87,100,9.22
349,Canala,NC,2023-03-24 18:41:37,-21.5333,165.95,73.18,80,100,3.6
350,Salalah,OM,2023-03-24 18:41:38,17.0151,54.0924,78.89,78,0,4.61
351,Juneau,US,2023-03-24 18:38:23,58.3019,-134.4197,38.21,100,100,0.0
352,Clyde River,CA,2023-03-24 18:41:39,70.4692,-68.5914,-12.77,70,0,2.3
353,Samarai,PG,2023-03-24 18:41:39,-10.6167,150.6667,79.77,83,100,9.66
354,Ewa Beach,US,2023-03-24 18:41:39,21.3156,-158.0072,80.02,79,20,0.0
355,Srednekolymsk,RU,2023-03-24 18:41:40,67.45,153.6833,-32.1,100,42,0.85
356,Kyren,RU,2023-03-24 18:41:41,51.6828,102.1408,15.22,78,100,1.57
357,Wanning,CN,2023-03-24 18:41:41,18.8003,110.3967,73.63,92,51,10.63
358,Wajir,KE,2023-03-24 18:41:41,1.7471,40.0573,84.74,62,100,8.41
359,Fairfield,US,2023-03-24 18:41:42,41.2668,-73.3162,54.34,45,0,5.75
360,Pisco,PE,2023-03-24 18:41:42,-13.7,-76.2167,80.65,65,0,13.8
361,Sur,OM,2023-03-24 18:42:43,22.5667,59.5289,73.71,60,0,1.25
362,Naze,JP,2023-03-24 18:42:43,28.3667,129.4833,63.52,84,100,6.17
363,Hambantota,LK,2023-03-24 18:42:44,6.1241,81.1185,77.34,100,20,4.61
364,Camacha,PT,2023-03-24 18:42:44,33.0833,-16.3333,63.82,68,20,9.22
365,Amalapuram,IN,2023-03-24 18:42:44,16.5833,82.0167,77.11,91,23,4.03
366,Alihe,CN,2023-03-24 18:42:45,50.5667,123.7167,7.41,95,13,2.77
367,Picton,AU,2023-03-24 18:42:45,-34.1833,150.6,64.71,92,94,2.89
368,Aksay,RU,2023-03-24 18:42:46,47.26,39.87,52.25,74,50,8.99
369,Salta,AR,2023-03-24 18:42:46,-24.7859,-65.4117,73.58,83,75,9.22
370,Sanford,US,2023-03-24 18:42:46,28.8006,-81.2731,91.22,47,0,9.22
371,Ola,RU,2023-03-24 18:42:47,59.5833,151.2833,-17.48,87,16,8.68
372,Umm Lajj,SA,2023-03-24 18:42:47,25.0213,37.2685,77.76,39,0,5.26
373,Vila,PT,2023-03-24 18:42:48,42.0304,-8.1588,45.7,71,1,3.31
374,Mahibadhoo,MV,2023-03-24 18:42:48,3.7833,72.9667,81.5,71,100,3.91
375,Buraydah,SA,2023-03-24 18:42:48,26.326,43.975,75.65,23,0,17.69
376,Panaba,MX,2023-03-24 18:42:49,21.2833,-88.2667,96.46,33,0,15.73
377,Severomorsk,RU,2023-03-24 18:42:49,69.0689,33.4162,-3.6,98,94,6.8
378,Baruni,IN,2023-03-24 18:42:50,25.4833,85.9833,76.39,30,0,1.57
379,Aksha,RU,2023-03-24 18:42:50,50.2814,113.2867,3.33,96,20,2.53
380,La Ronge,CA,2023-03-24 18:42:50,55.1001,-105.2842,17.82,53,0,5.75
381,Novyy Urengoy,RU,2023-03-24 18:41:47,66.0833,76.6333,-3.28,96,72,6.51
382,Fochville,ZA,2023-03-24 18:42:51,-26.4886,27.4939,59.74,88,100,3.33
383,Port Shepstone,ZA,2023-03-24 18:42:51,-30.7414,30.455,73.17,91,100,16.4
384,Kaa-Khem,RU,2023-03-24 18:42:52,51.6833,94.7333,7.25,90,29,3.49
385,Suoyarvi,RU,2023-03-24 18:42:52,62.0833,32.35,34.7,99,100,9.28
386,Codrington,AU,2023-03-24 18:42:53,-38.2667,141.9667,59.59,58,97,9.26
387,Mitsamiouli,KM,2023-03-24 18:42:53,-11.3847,43.2844,82.31,74,100,8.05
388,Fenoarivo,MG,2023-03-24 18:42:54,-18.933,47.4354,66.27,94,40,9.22
389,Jalu,LY,2023-03-24 18:42:54,29.0331,21.5482,62.55,56,3,24.83
390,Vilyuysk,RU,2023-03-24 18:42:55,63.7553,121.6247,22.21,92,100,11.56
391,Altar,MX,2023-03-24 18:39:32,30.7,-111.8167,63.09,27,1,10.58
392,Ostrovnoy,RU,2023-03-24 18:42:55,68.0531,39.5131,6.66,96,54,10.49
393,Dogondoutchi,NE,2023-03-24 18:42:56,13.6393,4.0287,87.3,6,100,8.43
394,Belen,TR,2023-03-24 18:42:56,36.4891,36.2233,59.14,59,75,8.05
395,Santa Cruz,BO,2023-03-24 18:39:05,-17.8,-63.1667,86.05,62,40,8.05
396,Le Port,RE,2023-03-24 18:42:57,-20.9373,55.2919,77.0,95,100,2.73
397,Nyurba,RU,2023-03-24 18:42:57,63.2842,118.3319,23.56,91,100,10.69
398,Djibo,BF,2023-03-24 18:42:58,14.1022,-1.6306,88.21,10,0,9.13
399,Saint-Pierre,RE,2023-03-24 18:42:58,-21.3393,55.4781,76.68,73,0,4.61
400,Acapulco,MX,2023-03-24 18:38:38,16.8634,-99.8901,85.82,66,40,12.66
401,Makokou,GA,2023-03-24 18:42:59,0.5738,12.8642,71.44,92,100,2.95
402,Xingcheng,CN,2023-03-24 18:42:59,40.6167,120.7167,33.31,40,100,3.33
403,Bosaso,SO,2023-03-24 18:42:59,11.2842,49.1816,83.46,73,61,1.28
404,Vardo,NO,2023-03-24 18:43:00,70.3705,31.1107,24.78,86,75,18.41
405,Kushima,JP,2023-03-24 18:43:01,31.4583,131.2333,61.09,94,91,5.84
406,Santa Rosalia,MX,2023-03-24 18:43:01,27.3167,-112.2833,64.31,38,0,10.51
407,Ahipara,NZ,2023-03-24 18:43:02,-35.1667,173.1667,56.75,82,3,0.67
408,Odesskoye,RU,2023-03-24 18:43:03,54.2111,72.9651,30.76,96,100,9.69
409,Doha,QA,2023-03-24 18:44:03,25.2867,51.5333,73.38,41,0,11.5
410,Nahariyya,IL,2023-03-24 18:44:04,33.0059,35.0941,67.95,76,99,14.41
411,Tromso,NO,2023-03-24 18:44:04,69.6496,18.957,24.82,58,40,10.36
412,Sitangkai,PH,2023-03-24 18:44:05,4.6628,119.3928,82.06,78,67,8.55
413,Shahr-E Babak,IR,2023-03-24 18:44:05,30.1165,55.1186,53.26,31,75,5.06
414,Krasnoselkup,RU,2023-03-24 18:44:06,65.7,82.4667,-7.87,100,89,5.01
415,Tagab,AF,2023-03-24 18:44:06,34.855,69.6492,45.32,95,100,2.77
416,Norman Wells,CA,2023-03-24 18:42:29,65.282,-126.8329,14.04,67,20,11.5
417,Inhambane,MZ,2023-03-24 18:42:18,-23.865,35.3833,78.78,73,20,10.71
418,Les Cayes,HT,2023-03-24 18:44:07,18.2,-73.75,81.88,63,34,12.15
419,Makakilo City,US,2023-03-24 18:44:07,21.3469,-158.0858,79.61,78,20,0.0
420,Puerto Madryn,AR,2023-03-24 18:44:08,-42.7692,-65.0385,81.1,33,19,20.6
421,Dingle,PH,2023-03-24 18:44:09,10.9995,122.6711,77.09,88,37,6.76
422,Barra Do Garcas,BR,2023-03-24 18:40:20,-15.89,-52.2567,93.78,62,20,5.75
423,Ginir,ET,2023-03-24 18:44:09,7.1333,40.7,62.24,76,45,5.7
424,Port Macquarie,AU,2023-03-24 18:42:03,-31.4333,152.9167,67.89,87,87,3.33
425,Ovsyanka,RU,2023-03-24 18:44:10,55.9575,92.5519,31.23,89,100,7.78
426,Kupang,ID,2023-03-24 18:44:11,-10.1667,123.5833,77.43,89,20,4.16
427,Avera,US,2023-03-24 18:44:11,33.194,-82.5271,82.9,42,4,13.4
428,Mildura,AU,2023-03-24 18:44:12,-34.2,142.15,58.06,78,73,11.74
429,Esmeralda,CU,2023-03-24 18:44:12,21.8525,-78.1169,81.7,60,92,12.1
430,Saint-Joseph,RE,2023-03-24 18:44:12,-21.3667,55.6167,75.58,81,100,4.23
431,Fallon,US,2023-03-24 18:39:34,39.4735,-118.7774,39.92,39,75,6.91
432,Shingu,JP,2023-03-24 18:44:13,33.7333,135.9833,60.64,97,100,4.7
433,Korem,ET,2023-03-24 18:44:13,12.5058,39.5228,57.27,83,94,3.24
434,Namatanai,PG,2023-03-24 18:44:14,-3.6667,152.4333,78.71,76,100,3.78
435,Basco,PH,2023-03-24 18:44:14,20.4487,121.9702,78.71,84,32,15.01
436,Touros,BR,2023-03-24 18:44:15,-5.1989,-35.4608,83.14,69,11,9.28
437,Mount Gambier,AU,2023-03-24 18:44:15,-37.8333,140.7667,52.14,78,23,5.64
438,Santa Ana,US,2023-03-24 18:44:16,33.7456,-117.8678,66.0,51,20,9.22
439,Quatre Cocos,MU,2023-03-24 18:44:16,-20.2078,57.7625,78.91,79,7,4.94
440,Toowoomba,AU,2023-03-24 18:44:17,-27.55,151.9667,64.26,96,67,1.99
441,Kaeo,NZ,2023-03-24 18:44:17,-35.1,173.7833,50.32,93,5,2.64
442,Kerema,PG,2023-03-24 18:44:18,-7.9631,145.7785,77.5,84,100,4.18
443,Longyearbyen,SJ,2023-03-24 18:44:18,78.2186,15.6401,-0.56,71,20,8.05
444,Lata,PT,2023-03-24 18:44:19,40.1629,-8.3327,50.97,79,3,3.74
445,Mayor Pablo Lagerenza,PY,2023-03-24 18:44:19,-19.9309,-60.7718,89.04,48,90,8.61
446,Gornopravdinsk,RU,2023-03-24 18:44:20,60.05,69.9,37.4,98,100,9.78
447,Teya,RU,2023-03-24 18:44:20,60.3778,92.6267,26.15,90,100,10.83
448,Tiksi,RU,2023-03-24 18:44:21,71.6872,128.8694,8.38,97,100,10.13
449,Walvis Bay,NA,2023-03-24 18:44:21,-22.9575,14.5053,67.15,68,0,6.91
450,Anloga,GH,2023-03-24 18:44:22,5.7947,0.8973,83.5,73,100,15.05
451,San Mateo Del Mar,MX,2023-03-24 18:44:22,16.2,-95.0,81.79,78,1,16.42
452,Asau,RO,2023-03-24 18:44:23,46.4333,26.4,51.28,61,100,4.18
453,Ponta Delgada,PT,2023-03-24 18:44:23,37.7333,-25.6667,59.72,88,75,8.05
454,Rangoon,MM,2023-03-24 18:42:16,16.8053,96.1561,77.0,69,3,7.72
455,Kloulklubed,PW,2023-03-24 18:44:24,7.0419,134.2556,75.7,80,100,18.16
456,Kimbe,PG,2023-03-24 18:44:24,-5.5502,150.1429,75.58,90,97,2.53
457,Kahului,US,2023-03-24 18:45:26,20.8947,-156.47,79.84,79,0,5.75
458,Tarbagatay,RU,2023-03-24 18:45:27,51.4803,107.3602,8.13,91,7,2.86
459,Prainha,BR,2023-03-24 18:45:28,-1.8,-53.48,84.24,65,91,1.95
460,Kieta,PG,2023-03-24 18:45:28,-6.2167,155.6333,77.76,81,41,5.61
461,Groa,NO,2023-03-24 18:45:32,62.65,8.7167,30.56,97,100,5.21
462,Takhtamygda,RU,2023-03-24 18:45:32,54.1,123.5667,-0.38,98,26,2.28
463,Maku,IR,2023-03-24 18:45:33,39.2911,44.4521,52.43,63,100,2.86
464,Atkinson,US,2023-03-24 18:40:46,42.8384,-71.147,52.45,43,0,14.97
465,Muzaffarnagar,IN,2023-03-24 18:45:33,29.4667,77.6833,64.04,79,1,7.09
466,Port Elizabeth,ZA,2023-03-24 18:45:33,-33.918,25.5701,75.09,91,0,17.27
467,Sao Joao Da Barra,BR,2023-03-24 18:45:34,-21.6403,-41.0511,89.69,76,26,12.73
468,Temax,MX,2023-03-24 18:45:34,21.15,-88.9333,96.93,31,0,9.62
469,Aloleng,PH,2023-03-24 18:45:35,16.1307,119.7824,78.42,86,5,6.91
470,Vysha,RU,2023-03-24 18:45:35,53.8477,42.3777,44.08,94,98,7.43
471,Saint-Georges,GD,2023-03-24 18:45:35,12.0564,-61.7485,83.88,70,75,16.11
472,Lumeje,AO,2023-03-24 18:45:36,-11.55,20.7833,65.43,95,98,3.13
473,Chicama,PE,2023-03-24 18:45:36,-7.8447,-79.1469,82.94,56,38,11.65
474,Shenjiamen,CN,2023-03-24 18:45:37,29.9576,122.298,47.32,81,100,12.66
475,Teacapan,MX,2023-03-24 18:45:37,22.55,-105.75,77.88,55,5,10.94
476,Saint-Louis,SN,2023-03-24 18:45:38,16.3333,-15.0,92.84,30,0,1.48
477,Chulman,RU,2023-03-24 18:45:38,56.8479,124.9104,-17.77,99,59,1.88
478,Kathu,TH,2023-03-24 18:45:39,7.9178,98.3332,80.42,76,86,11.56
479,Mackay,AU,2023-03-24 18:45:24,-21.15,149.2,70.68,76,2,8.61
480,Umm Bab,QA,2023-03-24 18:45:40,25.2142,50.8072,69.06,61,0,7.36
481,Pattoki,PK,2023-03-24 18:44:43,31.0167,73.85,61.12,95,66,7.9
482,Phan Thiet,VN,2023-03-24 18:45:40,10.9333,108.1,75.65,90,64,4.59
483,Funadhoo,MV,2023-03-24 18:45:41,6.15,73.2667,83.23,69,59,4.29
484,Khovu-Aksy,RU,2023-03-24 18:45:42,51.1333,93.6,8.69,81,81,4.68
485,Kailua,US,2023-03-24 18:42:20,21.4022,-157.7394,80.08,84,40,1.99
486,Vieste,IT,2023-03-24 18:45:42,41.8825,16.175,59.49,77,100,6.98
487,Dubti,ET,2023-03-24 18:45:43,11.7361,41.0853,90.93,43,45,7.83
488,Lucapa,AO,2023-03-24 18:45:43,-8.4192,20.7447,64.71,97,43,3.11
489,Moose Factory,CA,2023-03-24 18:45:44,51.2585,-80.6094,28.4,50,0,12.66
490,Wajima,JP,2023-03-24 18:45:44,37.4,136.9,47.46,74,100,13.09
491,Cururupu,BR,2023-03-24 18:45:45,-1.8283,-44.8683,76.06,92,100,1.81
492,Kupino,RU,2023-03-24 18:45:45,54.3663,77.2981,22.51,84,71,10.42
493,Nemuro,JP,2023-03-24 18:45:46,43.3236,145.575,29.57,71,16,8.81
494,Kudahuvadhoo,MV,2023-03-24 18:45:46,2.6708,72.8944,80.87,74,100,4.94
495,Kano,NG,2023-03-24 18:45:46,12.0001,8.5167,89.49,31,0,2.3
496,Chai Badan,TH,2023-03-24 18:45:47,15.2,101.1333,82.69,65,0,9.69
497,Kruisfontein,ZA,2023-03-24 18:45:47,-34.0033,24.7314,72.88,73,100,6.38
498,Bathsheba,BB,2023-03-24 18:45:48,13.2167,-59.5167,84.81,65,75,13.8
499,Madang,PG,2023-03-24 18:45:48,-5.2246,145.7966,75.65,91,100,1.21
500,Palmer,US,2023-03-24 18:46:49,42.1584,-72.3287,54.25,38,45,4.0
501,Half Moon Bay,US,2023-03-24 18:46:49,37.4636,-122.4286,57.11,56,0,19.57
502,Colac,AU,2023-03-24 18:46:49,-38.3333,143.5833,52.83,74,55,3.76
503,Coihaique,CL,2023-03-24 18:46:50,-45.5752,-72.0662,59.61,72,75,9.22
504,Port Lincoln,AU,2023-03-24 18:46:50,-34.7333,135.8667,61.14,76,93,15.03
505,Carutapera,BR,2023-03-24 18:46:51,-1.195,-46.02,76.62,89,100,3.49
506,Beeville,US,2023-03-24 18:46:51,28.4008,-97.7483,89.29,57,40,6.91
507,Kavieng,PG,2023-03-24 18:46:51,-2.5744,150.7967,81.66,69,72,6.38
508,Ous,RU,2023-03-24 18:46:52,60.9058,61.5186,36.99,97,100,9.28
509,Zatoka,UA,2023-03-24 18:46:54,46.0725,30.4654,46.9,89,100,11.74
510,Narsaq,GL,2023-03-24 18:46:54,60.9167,-46.05,30.42,74,100,3.06
511,Laguna,US,2023-03-24 18:42:28,38.421,-121.4238,55.49,46,0,12.66
512,Abu Samrah,SY,2023-03-24 18:46:55,35.3029,37.1841,64.02,54,100,9.08
513,Maxixe,MZ,2023-03-24 18:46:56,-23.8597,35.3472,78.62,73,20,9.57
514,Pouembout,NC,2023-03-24 18:46:56,-21.1333,164.9,72.91,86,100,4.25
515,Killybegs,IE,2023-03-24 18:46:56,54.6333,-8.45,46.11,84,91,16.22
516,Kjollefjord,NO,2023-03-24 18:46:57,70.9457,27.3465,24.85,79,75,6.91
517,Palauig,PH,2023-03-24 18:46:57,15.435,119.9045,79.11,79,1,3.69
518,Haines Junction,CA,2023-03-24 18:46:58,60.7522,-137.5108,30.15,74,90,1.14
519,Barra,BR,2023-03-24 18:46:34,-11.0894,-43.1417,87.84,40,30,4.32
520,Odweyne,SO,2023-03-24 18:46:58,9.4092,45.064,77.47,54,100,4.61
521,Agirish,RU,2023-03-24 18:46:59,61.9247,63.0231,34.47,99,100,9.06
522,Kolyshley,RU,2023-03-24 18:46:59,52.7005,44.5367,47.95,82,100,16.49
523,Solnechnyy,RU,2023-03-24 18:47:00,50.7214,136.6319,6.67,95,17,2.86
524,San Isidro,PE,2023-03-24 18:47:00,-12.1167,-77.05,80.19,65,0,11.5
525,Atar,MR,2023-03-24 18:47:00,20.5169,-13.0499,83.95,23,59,17.74
526,Namtsy,RU,2023-03-24 18:47:01,62.7161,129.6658,8.78,97,100,2.04
527,Tevaitoa,PF,2023-03-24 18:47:01,-16.7833,-151.5,82.99,69,7,11.3
528,Waipawa,NZ,2023-03-24 18:47:02,-41.4122,175.5153,56.08,77,80,16.2
529,Zaysan,KZ,2023-03-24 18:47:03,47.4667,84.8667,28.06,80,9,1.07
530,Tibiao,PH,2023-03-24 18:47:03,11.2915,122.0354,79.83,81,18,5.17
531,Tambacounda,SN,2023-03-24 18:47:04,13.7539,-13.7586,98.65,20,0,6.91
532,Nizhniy Tsasuchey,RU,2023-03-24 18:47:05,50.5167,115.1333,-1.91,95,95,3.11
533,Kutum,SD,2023-03-24 18:47:06,14.2,24.6667,79.81,19,7,12.12
534,Mikkeli,FI,2023-03-24 18:47:06,61.6886,27.2723,37.51,93,100,4.61
535,Paamiut,GL,2023-03-24 18:47:07,61.994,-49.6678,23.54,75,48,6.35
536,Baghmara,IN,2023-03-24 18:47:07,23.795,86.2085,79.18,35,2,3.44
537,Imbituba,BR,2023-03-24 18:47:08,-28.24,-48.6703,81.86,77,53,12.24
538,Sinnamary,GF,2023-03-24 18:47:08,5.3833,-52.95,81.12,72,83,9.53
539,Vysokogornyy,RU,2023-03-24 18:47:09,50.1167,139.15,7.52,97,99,2.15
540,Aswan,EG,2023-03-24 18:47:09,24.0934,32.907,87.1,17,0,28.77
541,Huambo,AO,2023-03-24 18:47:10,-12.7761,15.7392,61.92,92,100,1.63
542,Sisimiut,GL,2023-03-24 18:47:11,66.9395,-53.6735,9.9,84,100,8.37
543,Ranong,TH,2023-03-24 18:47:11,9.9658,98.6348,76.5,86,53,2.93
544,Birjand,IR,2023-03-24 18:47:12,32.8663,59.2211,48.67,71,0,6.91
545,Brae,GB,2023-03-24 18:47:12,60.3964,-1.353,39.78,76,100,24.25
546,Barahona,DO,2023-03-24 18:47:13,18.2085,-71.1008,85.82,58,20,16.11
547,High Level,CA,2023-03-24 18:47:13,58.5169,-117.136,15.91,73,20,9.22
548,Farliug,RO,2023-03-24 18:47:14,45.4883,21.8494,57.22,56,59,5.32
549,Saginaw,US,2023-03-24 18:48:14,43.3334,-84.0333,43.16,67,40,9.22
550,Rosario Oeste,BR,2023-03-24 18:48:15,-14.8361,-56.4275,84.43,68,100,4.27
551,Nova Zagora,BG,2023-03-24 18:48:15,42.4833,26.0167,55.67,66,36,5.14
552,Broome,US,2023-03-24 18:48:16,42.2506,-75.833,46.02,64,0,5.75
553,Alice Springs,AU,2023-03-24 18:43:48,-23.7,133.8833,63.95,42,57,0.0
554,Sangar,RU,2023-03-24 18:48:17,63.9242,127.4739,6.08,96,100,7.56
555,Jizan,SA,2023-03-24 18:48:17,17.3333,42.6667,85.14,48,9,1.43
556,Svetlyy,RU,2023-03-24 18:48:18,54.675,20.1347,48.25,82,100,13.87
557,Tezu,IN,2023-03-24 18:48:18,27.9167,96.1667,61.61,76,48,4.29
558,Ciudad Ojeda,VE,2023-03-24 18:48:19,10.1964,-71.3082,84.83,57,100,7.56
559,Kiknur,RU,2023-03-24 18:48:19,57.3034,47.2011,39.31,98,100,11.01
560,Ajaccio,FR,2023-03-24 18:48:20,42.0,8.9167,51.85,58,0,4.61
561,Uva,RU,2023-03-24 18:48:21,56.9908,52.1852,41.86,87,100,12.77
562,Westport,US,2023-03-24 18:48:21,41.1415,-73.3579,55.45,45,0,4.0
563,Vaitape,PF,2023-03-24 18:48:22,-16.5167,-151.75,82.35,75,25,11.52
564,Bronnoysund,NO,2023-03-24 18:48:23,65.4625,12.1997,26.6,50,0,5.99
565,Maningrida,AU,2023-03-24 18:48:23,-12.0667,134.2667,75.04,92,99,7.85
566,Babusnica,RS,2023-03-24 18:48:24,43.0597,22.4117,54.63,53,75,4.16
567,Tarazona,ES,2023-03-24 18:48:25,41.9,-1.7333,60.62,67,37,5.68
568,Luanda,AO,2023-03-24 18:46:42,-8.8368,13.2343,80.6,78,75,8.05
